age,gender,education,income,loan_amount
50+,Male,PhD,<20k,30925.13246
30-40,Male,PostGraduate,60k-80k,37081.63067
20-30,Male,HighSchool,80k+,25218.16445
<20,Female,PostGraduate,20k-40k,22508.06299
50+,Male,PostGraduate,60k-80k,53153.71567
<20,Male,PostGraduate,60k-80k,41432.46999
20-30,Female,PhD,20k-40k,19038.17189
40-50,Female,PhD,20k-40k,37417.9017
20-30,Female,HighSchool,80k+,19619.25377
40-50,Female,UnderGraduate,20k-40k,23514.39
50+,Male,UnderGraduate,40k-60k,16830.37729
30-40,Male,HighSchool,<20k,5259.670983
30-40,Female,PhD,80k+,35579.84762
40-50,Female,UnderGraduate,20k-40k,16391.57796
40-50,Male,PostGraduate,40k-60k,35369.28297
40-50,Female,PhD,80k+,44930.81324
30-40,Male,PhD,20k-40k,22137.84904
50+,Male,PhD,60k-80k,51879.76477
30-40,Female,PhD,40k-60k,19143.78869
50+,Male,UnderGraduate,20k-40k,20681.50268
20-30,Female,PostGraduate,60k-80k,28883.00934
20-30,Male,HighSchool,80k+,21773.66959
50+,Female,HighSchool,20k-40k,18317.21096
20-30,Male,UnderGraduate,20k-40k,5095.559171
40-50,Female,HighSchool,20k-40k,23345.04562
30-40,Male,HighSchool,20k-40k,3776.204582
20-30,Female,HighSchool,20k-40k,4285.082784
50+,Female,UnderGraduate,<20k,19030.35791
20-30,Female,UnderGraduate,60k-80k,16652.27235
30-40,Male,UnderGraduate,<20k,4516.815939
50+,Female,HighSchool,40k-60k,22692.43827
<20,Female,PhD,<20k,21925.06576
<20,Male,HighSchool,80k+,18584.9502
40-50,Female,HighSchool,80k+,34610.51549
50+,Female,HighSchool,20k-40k,22174.06062
<20,Female,PhD,20k-40k,14676.91936
40-50,Male,HighSchool,20k-40k,23424.28736
<20,Female,HighSchool,<20k,5591.23108
40-50,Male,PostGraduate,40k-60k,43620.74074
<20,Female,HighSchool,80k+,14706.16121
20-30,Male,PhD,20k-40k,17575.67186
<20,Male,PostGraduate,80k+,31038.35076
<20,Male,UnderGraduate,80k+,17923.59148
<20,Female,UnderGraduate,40k-60k,4126.618048
<20,Male,PhD,20k-40k,17078.04433
40-50,Male,HighSchool,20k-40k,14713.20913
40-50,Male,HighSchool,20k-40k,18635.54054
50+,Male,PostGraduate,60k-80k,50180.00074
20-30,Female,HighSchool,40k-60k,6817.93817
<20,Female,PostGraduate,20k-40k,20727.11699
<20,Female,PostGraduate,<20k,18791.11747
<20,Male,UnderGraduate,80k+,20309.48947
<20,Male,PostGraduate,20k-40k,23664.12519
40-50,Male,PostGraduate,60k-80k,44285.19527
<20,Female,PhD,<20k,22372.2508
40-50,Female,PostGraduate,40k-60k,27671.7835
30-40,Female,PostGraduate,20k-40k,15570.96379
30-40,Female,PostGraduate,60k-80k,37458.34699
<20,Male,HighSchool,60k-80k,20023.69014
20-30,Female,UnderGraduate,20k-40k,4472.814841
20-30,Female,HighSchool,60k-80k,16490.88045
<20,Male,HighSchool,60k-80k,17684.55962
50+,Male,PostGraduate,60k-80k,44159.63326
<20,Male,PostGraduate,60k-80k,37166.40553
40-50,Female,PostGraduate,60k-80k,46926.96863
20-30,Female,HighSchool,60k-80k,15050.41455
40-50,Male,HighSchool,60k-80k,35649.88075
30-40,Female,UnderGraduate,40k-60k,5937.15104
<20,Male,UnderGraduate,60k-80k,21742.98705
30-40,Male,PostGraduate,40k-60k,19264.58175
40-50,Female,HighSchool,80k+,27806.94186
30-40,Male,HighSchool,<20k,5849.562363
30-40,Female,HighSchool,20k-40k,5631.443563
20-30,Male,HighSchool,40k-60k,3341.313303
20-30,Female,PhD,<20k,15842.76162
50+,Male,PostGraduate,20k-40k,30223.72515
<20,Female,UnderGraduate,20k-40k,4629.307828
20-30,Female,HighSchool,40k-60k,4724.640917
20-30,Male,HighSchool,<20k,5497.667411
50+,Male,PhD,40k-60k,31938.02069
50+,Female,HighSchool,40k-60k,15615.03724
40-50,Male,PostGraduate,60k-80k,57020.56086
20-30,Male,PhD,20k-40k,17649.75871
40-50,Male,HighSchool,60k-80k,30834.58235
30-40,Female,HighSchool,20k-40k,4817.415431
30-40,Male,UnderGraduate,60k-80k,14606.4038
30-40,Female,PostGraduate,60k-80k,36653.06303
40-50,Male,HighSchool,20k-40k,15440.96952
40-50,Male,PhD,80k+,47913.87169
50+,Male,PostGraduate,80k+,50104.89149
40-50,Female,UnderGraduate,20k-40k,20515.06645
50+,Female,HighSchool,40k-60k,20643.23434
40-50,Male,PostGraduate,<20k,31332.31843
50+,Female,UnderGraduate,<20k,16612.70994
30-40,Female,HighSchool,<20k,5432.429214
40-50,Female,PostGraduate,60k-80k,48620.24024
20-30,Male,PostGraduate,60k-80k,39848.77006
20-30,Female,PostGraduate,<20k,21706.75855
40-50,Female,HighSchool,40k-60k,25260.16169
50+,Male,HighSchool,80k+,33293.69546
50+,Female,UnderGraduate,<20k,24022.5005
30-40,Female,PhD,40k-60k,22954.05397
20-30,Female,UnderGraduate,<20k,4970.159285
40-50,Female,PhD,<20k,31859.50312
50+,Male,UnderGraduate,80k+,31177.08678
50+,Female,HighSchool,60k-80k,29778.87227
<20,Female,HighSchool,<20k,4757.481641
40-50,Male,PhD,20k-40k,38286.58865
40-50,Male,PostGraduate,80k+,40709.16849
50+,Male,UnderGraduate,<20k,16071.5771
<20,Male,UnderGraduate,40k-60k,4735.670568
50+,Female,PostGraduate,40k-60k,30852.33888
<20,Male,HighSchool,40k-60k,2919.195232
20-30,Male,HighSchool,20k-40k,6504.855822
40-50,Female,PhD,80k+,46801.62331
20-30,Male,PhD,80k+,36581.85452
20-30,Male,PhD,60k-80k,39428.07842
40-50,Male,UnderGraduate,80k+,30327.26113
30-40,Female,PostGraduate,60k-80k,26664.20136
20-30,Female,UnderGraduate,40k-60k,6394.247252
40-50,Male,PostGraduate,<20k,26002.74111
50+,Male,UnderGraduate,20k-40k,14960.59016
40-50,Female,PhD,40k-60k,34802.65505
50+,Female,PhD,20k-40k,28672.87525
<20,Female,PhD,60k-80k,39104.23646
40-50,Male,PhD,60k-80k,44014.63397
50+,Male,HighSchool,20k-40k,18222.73393
30-40,Male,PostGraduate,80k+,33139.06805
30-40,Female,UnderGraduate,80k+,24183.97663
50+,Female,UnderGraduate,60k-80k,35034.59064
20-30,Male,UnderGraduate,20k-40k,3252.524627
<20,Female,UnderGraduate,60k-80k,22753.33716
20-30,Female,UnderGraduate,60k-80k,15306.94113
50+,Male,UnderGraduate,80k+,34517.69749
50+,Female,PhD,80k+,54921.67751
50+,Male,PostGraduate,20k-40k,40736.7098
50+,Male,PhD,40k-60k,36686.43931
40-50,Female,PostGraduate,<20k,38323.64057
30-40,Male,PhD,<20k,15218.00595
30-40,Male,HighSchool,20k-40k,3965.623673
50+,Female,PostGraduate,80k+,50642.90121
50+,Female,UnderGraduate,80k+,30330.44077
30-40,Male,UnderGraduate,20k-40k,4565.606164
50+,Female,UnderGraduate,60k-80k,33207.11231
<20,Male,PostGraduate,80k+,33713.39716
30-40,Male,UnderGraduate,60k-80k,21627.16998
30-40,Male,PhD,20k-40k,15480.5423
20-30,Male,HighSchool,80k+,17870.27135
<20,Male,UnderGraduate,<20k,4074.879005
50+,Female,PhD,60k-80k,61488.04036
30-40,Female,PhD,80k+,28916.304
<20,Female,UnderGraduate,<20k,4818.073706
20-30,Male,UnderGraduate,60k-80k,23205.14109
50+,Female,PostGraduate,<20k,36540.88225
<20,Male,PhD,<20k,18592.81883
<20,Female,UnderGraduate,20k-40k,1623.284574
20-30,Male,HighSchool,20k-40k,5121.278423
40-50,Female,HighSchool,40k-60k,20986.5367
50+,Male,PhD,80k+,60798.6273
30-40,Female,UnderGraduate,60k-80k,22325.70969
40-50,Female,PhD,60k-80k,53407.74698
50+,Female,PostGraduate,80k+,51011.0314
<20,Male,PhD,40k-60k,22893.85377
40-50,Male,PostGraduate,60k-80k,48735.63506
30-40,Male,HighSchool,60k-80k,18492.31574
30-40,Male,UnderGraduate,40k-60k,5034.326586
40-50,Male,PhD,80k+,40786.06946
50+,Female,PostGraduate,20k-40k,32468.34537
30-40,Female,HighSchool,80k+,15694.30467
40-50,Female,PostGraduate,40k-60k,33448.22905
30-40,Male,HighSchool,<20k,5661.36341
<20,Female,PhD,<20k,24306.24953
50+,Female,PhD,20k-40k,30435.04348
20-30,Female,UnderGraduate,60k-80k,20832.24908
20-30,Female,HighSchool,80k+,23753.92829
<20,Female,PhD,60k-80k,29795.62972
40-50,Male,HighSchool,80k+,37400.79866
<20,Female,PostGraduate,80k+,32099.56198
<20,Male,HighSchool,<20k,4424.451239
50+,Female,PhD,80k+,47834.39688
50+,Female,UnderGraduate,20k-40k,15347.59571
20-30,Male,PostGraduate,40k-60k,14417.24301
30-40,Male,UnderGraduate,<20k,6138.35468
30-40,Female,HighSchool,20k-40k,5614.747342
50+,Female,HighSchool,40k-60k,18100.00259
20-30,Male,UnderGraduate,60k-80k,15650.17408
40-50,Male,PhD,40k-60k,36958.34121
30-40,Female,HighSchool,60k-80k,15234.84086
40-50,Male,HighSchool,<20k,18179.01502
40-50,Female,PhD,60k-80k,54913.4052
20-30,Male,PhD,<20k,21794.7765
40-50,Male,HighSchool,20k-40k,17586.30751
50+,Male,PostGraduate,40k-60k,25985.35063
50+,Female,HighSchool,20k-40k,23140.74014
40-50,Female,UnderGraduate,60k-80k,37613.88662
<20,Female,HighSchool,80k+,17101.02586
50+,Female,HighSchool,80k+,28813.52205
<20,Female,HighSchool,60k-80k,21603.49113
30-40,Female,UnderGraduate,<20k,3504.276974
<20,Female,HighSchool,80k+,22038.97769
50+,Male,UnderGraduate,40k-60k,20596.5126
<20,Male,UnderGraduate,40k-60k,6189.746176
50+,Female,PostGraduate,60k-80k,50690.30434
50+,Male,HighSchool,60k-80k,24219.79387
<20,Female,PhD,20k-40k,16029.09191
50+,Male,HighSchool,40k-60k,22042.68998
50+,Female,HighSchool,20k-40k,15959.11205
30-40,Male,PhD,20k-40k,23579.51639
40-50,Female,UnderGraduate,<20k,19203.5148
20-30,Female,PostGraduate,<20k,17458.09186
20-30,Male,PostGraduate,80k+,28740.96475
<20,Female,UnderGraduate,80k+,14553.26199
40-50,Female,PostGraduate,40k-60k,40934.2111
50+,Female,UnderGraduate,60k-80k,28309.44725
30-40,Female,PhD,20k-40k,18466.48926
30-40,Female,PostGraduate,20k-40k,24868.13156
30-40,Female,HighSchool,60k-80k,13026.81639
<20,Female,PhD,60k-80k,41431.27041
40-50,Male,HighSchool,<20k,22584.97409
50+,Female,HighSchool,60k-80k,26456.62398
40-50,Male,UnderGraduate,<20k,23901.557
20-30,Male,HighSchool,<20k,4389.605722
30-40,Female,UnderGraduate,60k-80k,15137.88915
50+,Female,HighSchool,80k+,41009.80397
50+,Female,PostGraduate,60k-80k,55362.54167
20-30,Female,HighSchool,<20k,3750.589652
20-30,Male,PhD,40k-60k,21090.76817
30-40,Female,PhD,80k+,33889.81813
<20,Female,HighSchool,<20k,3143.061699
20-30,Male,UnderGraduate,80k+,18815.7644
50+,Female,PhD,80k+,46335.37306
50+,Female,PhD,40k-60k,37343.56231
20-30,Male,PhD,60k-80k,31305.90719
50+,Male,PhD,80k+,42640.79993
30-40,Female,HighSchool,20k-40k,7518.085696
30-40,Male,UnderGraduate,80k+,21579.82808
50+,Male,PostGraduate,20k-40k,36875.8445
40-50,Male,HighSchool,40k-60k,19466.21212
30-40,Male,UnderGraduate,20k-40k,3846.096541
20-30,Male,UnderGraduate,60k-80k,22322.73357
<20,Male,PostGraduate,80k+,37720.38034
40-50,Male,PhD,80k+,45036.93492
20-30,Female,PostGraduate,40k-60k,21140.30855
20-30,Male,HighSchool,<20k,6665.955701
<20,Female,HighSchool,<20k,5353.99092
30-40,Female,PhD,20k-40k,16038.94828
40-50,Female,PhD,60k-80k,43144.21738
30-40,Male,HighSchool,20k-40k,4940.206875
40-50,Female,PhD,<20k,40159.34748
40-50,Male,PhD,40k-60k,26777.90167
<20,Male,HighSchool,60k-80k,24961.85719
40-50,Female,PostGraduate,60k-80k,43692.91238
20-30,Male,PhD,<20k,20712.04362
40-50,Male,UnderGraduate,<20k,20077.36168
20-30,Female,PhD,<20k,17130.95189
40-50,Female,UnderGraduate,<20k,14866.25148
20-30,Female,PhD,<20k,15751.31905
50+,Male,UnderGraduate,<20k,16294.8361
20-30,Female,PhD,<20k,19100.31635
30-40,Male,PostGraduate,<20k,21960.86753
40-50,Female,UnderGraduate,20k-40k,16588.60586
20-30,Male,UnderGraduate,40k-60k,6717.089438
30-40,Female,PhD,40k-60k,17914.44088
20-30,Female,UnderGraduate,20k-40k,4637.76828
30-40,Male,HighSchool,<20k,5599.595742
20-30,Male,PhD,40k-60k,22229.35133
<20,Female,HighSchool,<20k,6015.703766
40-50,Female,HighSchool,80k+,28841.20018
50+,Female,HighSchool,80k+,33755.32041
20-30,Female,UnderGraduate,80k+,13346.02278
30-40,Female,PhD,<20k,24061.48199
20-30,Female,HighSchool,<20k,5605.219386
40-50,Male,PostGraduate,20k-40k,24696.65687
20-30,Female,PostGraduate,20k-40k,16679.32678
20-30,Male,PhD,60k-80k,36301.41365
40-50,Male,HighSchool,80k+,36367.18685
30-40,Male,PostGraduate,<20k,20094.89276
50+,Male,PostGraduate,60k-80k,54789.22417
50+,Female,HighSchool,20k-40k,22743.89215
20-30,Male,PostGraduate,40k-60k,16991.13068
30-40,Male,PhD,60k-80k,35649.08736
50+,Female,HighSchool,60k-80k,42129.49701
40-50,Male,PostGraduate,<20k,40948.19647
50+,Female,HighSchool,80k+,38975.41506
<20,Male,PhD,20k-40k,18517.78415
20-30,Male,PostGraduate,<20k,18627.46378
30-40,Male,UnderGraduate,60k-80k,23474.52103
<20,Female,PostGraduate,40k-60k,15418.70568
40-50,Female,HighSchool,20k-40k,20691.58973
20-30,Female,PhD,<20k,19357.01756
50+,Male,PhD,80k+,52252.7179
20-30,Female,UnderGraduate,80k+,24007.18745
<20,Male,PhD,<20k,18086.36205
20-30,Male,PhD,60k-80k,37110.38278
50+,Female,UnderGraduate,40k-60k,18604.45665
<20,Male,HighSchool,20k-40k,5881.538358
40-50,Female,PostGraduate,40k-60k,34337.26188
20-30,Female,PhD,20k-40k,19581.10709
20-30,Male,PostGraduate,60k-80k,29083.28003
50+,Female,UnderGraduate,<20k,22446.40344
40-50,Female,PhD,20k-40k,38001.74839
<20,Female,HighSchool,80k+,18882.68628
40-50,Female,PostGraduate,40k-60k,33970.37069
20-30,Female,PhD,40k-60k,16461.29784
40-50,Male,PhD,20k-40k,34522.79641
20-30,Female,PhD,40k-60k,20479.24931
20-30,Female,PostGraduate,<20k,18318.13819
20-30,Female,PostGraduate,60k-80k,34477.79148
20-30,Female,PhD,<20k,15629.42352
30-40,Female,PostGraduate,40k-60k,20807.70726
<20,Female,UnderGraduate,20k-40k,4083.211274
<20,Male,HighSchool,40k-60k,5378.14213
40-50,Female,PhD,20k-40k,36896.16488
30-40,Male,HighSchool,40k-60k,4909.295733
20-30,Female,PhD,<20k,20189.60858
40-50,Male,PostGraduate,<20k,30705.4165
50+,Female,HighSchool,20k-40k,14416.02837
40-50,Male,UnderGraduate,60k-80k,35108.71319
<20,Male,HighSchool,60k-80k,22607.78083
40-50,Male,PhD,40k-60k,31752.70745
40-50,Male,PostGraduate,20k-40k,36220.56746
50+,Female,PostGraduate,<20k,34087.52401
<20,Male,HighSchool,40k-60k,5067.29841
20-30,Male,UnderGraduate,<20k,2676.138566
30-40,Female,PhD,<20k,17263.27089
<20,Female,UnderGraduate,<20k,6251.093355
<20,Male,PostGraduate,<20k,22993.59797
30-40,Female,PhD,<20k,22647.88207
30-40,Female,PostGraduate,60k-80k,34533.37791
30-40,Male,PostGraduate,<20k,22172.09034
<20,Male,UnderGraduate,<20k,5334.088299
50+,Male,UnderGraduate,<20k,20607.98701
50+,Female,UnderGraduate,40k-60k,14315.00681
30-40,Male,UnderGraduate,40k-60k,6624.992924
30-40,Female,PhD,60k-80k,35679.71436
<20,Female,HighSchool,20k-40k,5793.606237
30-40,Male,PhD,40k-60k,17646.20029
<20,Female,UnderGraduate,40k-60k,6273.401948
50+,Male,HighSchool,20k-40k,19717.70878
20-30,Female,UnderGraduate,20k-40k,2843.326112
<20,Female,PostGraduate,40k-60k,18172.21893
50+,Male,UnderGraduate,40k-60k,19277.68029
<20,Female,PostGraduate,60k-80k,27672.45249
30-40,Female,HighSchool,60k-80k,16310.37205
<20,Male,HighSchool,<20k,4487.376168
50+,Male,PhD,20k-40k,33045.20835
40-50,Female,PostGraduate,80k+,46342.49228
40-50,Male,HighSchool,80k+,35381.09187
50+,Female,UnderGraduate,<20k,22144.75373
20-30,Female,UnderGraduate,40k-60k,4548.463733
50+,Female,UnderGraduate,80k+,26939.53002
30-40,Female,HighSchool,20k-40k,5316.371737
20-30,Female,UnderGraduate,80k+,16480.39792
<20,Female,UnderGraduate,20k-40k,4387.878121
30-40,Male,HighSchool,60k-80k,17666.99877
20-30,Female,PostGraduate,20k-40k,18957.41789
30-40,Male,UnderGraduate,80k+,20757.8081
40-50,Female,UnderGraduate,60k-80k,37084.73704
40-50,Female,PostGraduate,20k-40k,40495.14276
40-50,Female,UnderGraduate,20k-40k,16595.93115
50+,Female,PhD,20k-40k,34099.90783
30-40,Female,PhD,80k+,27288.68018
50+,Male,UnderGraduate,40k-60k,16463.18969
<20,Male,UnderGraduate,40k-60k,6446.726786
40-50,Male,PhD,80k+,57399.3752
30-40,Female,HighSchool,40k-60k,2907.232768
20-30,Male,PhD,60k-80k,34923.6092
50+,Male,PostGraduate,60k-80k,48626.39604
30-40,Male,UnderGraduate,<20k,4461.52328
<20,Female,PostGraduate,<20k,19216.74106
<20,Male,HighSchool,80k+,21949.28207
<20,Male,HighSchool,20k-40k,2916.429628
40-50,Male,PostGraduate,40k-60k,38592.18755
50+,Male,HighSchool,40k-60k,20126.56299
<20,Female,PhD,80k+,36876.74922
<20,Female,PostGraduate,40k-60k,15062.20595
30-40,Male,HighSchool,20k-40k,5572.874893
40-50,Female,UnderGraduate,20k-40k,21829.80086
30-40,Female,UnderGraduate,<20k,6620.934792
30-40,Male,UnderGraduate,80k+,22992.74459
<20,Female,PhD,80k+,43045.16601
<20,Female,HighSchool,80k+,17381.49341
50+,Male,HighSchool,40k-60k,21344.95844
40-50,Male,UnderGraduate,80k+,40391.92667
50+,Female,HighSchool,80k+,38532.81666
<20,Female,PhD,60k-80k,32110.28955
30-40,Male,PhD,60k-80k,38147.34423
50+,Female,PhD,60k-80k,47012.81813
30-40,Male,HighSchool,<20k,3627.683156
50+,Male,UnderGraduate,60k-80k,31947.31274
30-40,Female,UnderGraduate,80k+,17019.68839
40-50,Male,UnderGraduate,80k+,38690.00081
40-50,Female,PhD,<20k,38739.30802
40-50,Female,PostGraduate,80k+,49217.12786
40-50,Male,PhD,80k+,47030.22017
30-40,Male,PostGraduate,60k-80k,31251.29245
<20,Male,HighSchool,<20k,6046.396806
40-50,Female,UnderGraduate,40k-60k,25236.22156
20-30,Male,PhD,80k+,37573.67246
50+,Female,PostGraduate,40k-60k,37792.09249
40-50,Female,PhD,20k-40k,33911.06776
50+,Female,HighSchool,80k+,32817.94641
20-30,Male,PostGraduate,<20k,24758.56566
<20,Male,PhD,<20k,21152.57794
40-50,Female,HighSchool,60k-80k,30741.59842
20-30,Female,HighSchool,60k-80k,18260.8156
20-30,Male,HighSchool,60k-80k,21865.60461
30-40,Male,HighSchool,60k-80k,15606.45064
30-40,Male,PhD,80k+,36512.681
<20,Female,PhD,<20k,16518.61768
<20,Male,PostGraduate,60k-80k,36807.42754
30-40,Male,PostGraduate,60k-80k,32959.64868
20-30,Male,PostGraduate,40k-60k,15552.07165
<20,Male,PhD,60k-80k,34047.04082
<20,Male,PhD,80k+,37882.69946
30-40,Female,PhD,20k-40k,22877.18834
20-30,Female,UnderGraduate,80k+,14345.66758
40-50,Female,PhD,<20k,34709.89693
40-50,Male,PhD,20k-40k,34116.64968
40-50,Female,PostGraduate,<20k,34865.47013
50+,Male,PostGraduate,20k-40k,32136.46593
40-50,Female,HighSchool,80k+,32455.86972
20-30,Female,HighSchool,80k+,17597.23481
<20,Female,UnderGraduate,<20k,4830.076881
30-40,Female,HighSchool,80k+,23815.34111
30-40,Female,PostGraduate,20k-40k,14955.01826
<20,Male,PostGraduate,40k-60k,25128.4756
30-40,Female,HighSchool,80k+,24401.61625
50+,Male,PostGraduate,80k+,50890.89211
30-40,Male,HighSchool,<20k,5052.395424
20-30,Female,HighSchool,<20k,5162.221508
30-40,Female,PhD,<20k,21720.98266
<20,Female,HighSchool,40k-60k,3490.485248
20-30,Female,PostGraduate,80k+,32819.75495
40-50,Male,HighSchool,<20k,23485.17426
40-50,Female,HighSchool,80k+,33282.43945
40-50,Female,PhD,<20k,31057.0215
40-50,Male,UnderGraduate,60k-80k,33826.32908
40-50,Female,UnderGraduate,60k-80k,31205.41929
30-40,Female,PostGraduate,40k-60k,24016.83831
50+,Male,HighSchool,80k+,39464.4367
20-30,Female,PostGraduate,40k-60k,16934.56834
20-30,Female,HighSchool,20k-40k,5595.821473
20-30,Male,UnderGraduate,20k-40k,3746.730127
20-30,Female,HighSchool,<20k,5047.624857
40-50,Female,UnderGraduate,40k-60k,17857.14448
<20,Male,PostGraduate,60k-80k,38449.01223
20-30,Male,HighSchool,60k-80k,26407.27676
<20,Female,UnderGraduate,<20k,5358.503989
30-40,Female,UnderGraduate,<20k,5256.305243
20-30,Female,PostGraduate,<20k,24059.14207
40-50,Male,PostGraduate,80k+,51066.19656
<20,Female,PhD,<20k,21139.72344
50+,Male,HighSchool,<20k,21885.97803
20-30,Male,PostGraduate,60k-80k,27239.08363
20-30,Female,PostGraduate,20k-40k,18668.16177
50+,Female,PostGraduate,60k-80k,45289.84158
<20,Male,UnderGraduate,<20k,4926.420511
20-30,Male,HighSchool,<20k,4289.454297
30-40,Female,PostGraduate,20k-40k,22403.38638
40-50,Male,PostGraduate,20k-40k,34911.11599
40-50,Male,PostGraduate,20k-40k,35397.96931
40-50,Female,PhD,80k+,42350.11821
<20,Male,UnderGraduate,60k-80k,19788.12025
40-50,Male,PhD,40k-60k,32468.73796
20-30,Female,HighSchool,<20k,4570.005317
20-30,Male,PhD,60k-80k,33941.88472
50+,Female,UnderGraduate,80k+,33128.38371
20-30,Male,UnderGraduate,40k-60k,4850.110358
50+,Female,HighSchool,60k-80k,30015.63216
20-30,Male,HighSchool,<20k,3106.502572
30-40,Female,PhD,40k-60k,22116.5068
30-40,Male,HighSchool,40k-60k,6054.480594
30-40,Female,PostGraduate,80k+,33094.87788
20-30,Male,HighSchool,60k-80k,21011.80381
40-50,Male,HighSchool,20k-40k,18611.61326
30-40,Female,PostGraduate,60k-80k,33890.01035
40-50,Female,UnderGraduate,80k+,34420.37999
50+,Female,PostGraduate,<20k,37270.89817
40-50,Male,HighSchool,80k+,38808.54798
<20,Female,HighSchool,<20k,5739.162951
<20,Male,UnderGraduate,20k-40k,5743.903646
30-40,Female,UnderGraduate,20k-40k,6157.676777
40-50,Female,UnderGraduate,40k-60k,22154.94942
40-50,Male,PhD,60k-80k,40782.47285
30-40,Male,UnderGraduate,80k+,20762.63068
20-30,Female,UnderGraduate,<20k,5524.509865
50+,Male,PostGraduate,80k+,48722.08489
30-40,Male,HighSchool,60k-80k,25427.39737
<20,Female,HighSchool,<20k,4947.380852
40-50,Female,UnderGraduate,<20k,23865.52994
<20,Female,HighSchool,40k-60k,4223.690251
20-30,Female,PostGraduate,40k-60k,17834.16648
40-50,Female,PhD,60k-80k,50329.54796
20-30,Male,HighSchool,40k-60k,3672.939359
20-30,Female,HighSchool,80k+,19752.58903
50+,Female,UnderGraduate,<20k,18842.45361
30-40,Male,HighSchool,20k-40k,5927.66146
40-50,Male,PostGraduate,20k-40k,34162.17416
20-30,Female,PhD,80k+,31784.22233
40-50,Female,UnderGraduate,40k-60k,22944.55528
50+,Female,PostGraduate,20k-40k,41721.32155
20-30,Male,PostGraduate,40k-60k,13630.75311
20-30,Male,PhD,40k-60k,18045.395
50+,Female,UnderGraduate,60k-80k,30053.85303
<20,Female,PhD,40k-60k,17998.88214
50+,Female,PostGraduate,20k-40k,40153.09643
<20,Male,PhD,20k-40k,19503.72457
50+,Female,PhD,60k-80k,44549.5238
50+,Female,PostGraduate,<20k,35491.42762
50+,Female,UnderGraduate,40k-60k,17812.47327
20-30,Female,UnderGraduate,80k+,19959.02409
20-30,Male,PostGraduate,<20k,20723.31789
40-50,Female,UnderGraduate,20k-40k,16047.33357
20-30,Female,HighSchool,60k-80k,20201.1474
40-50,Female,PostGraduate,20k-40k,27062.53623
50+,Male,PhD,<20k,34846.10733
20-30,Female,PhD,40k-60k,24282.32707
50+,Male,PhD,60k-80k,48131.06928
<20,Female,PostGraduate,<20k,15842.08948
<20,Male,UnderGraduate,<20k,3133.447301
20-30,Female,HighSchool,20k-40k,4451.225661
20-30,Female,UnderGraduate,20k-40k,4944.506742
40-50,Male,HighSchool,80k+,36058.03022
40-50,Male,UnderGraduate,60k-80k,40851.7918
50+,Female,HighSchool,80k+,36177.63605
30-40,Female,PostGraduate,60k-80k,33986.9161
<20,Male,HighSchool,80k+,14823.47674
<20,Female,PhD,80k+,40067.28094
30-40,Male,PhD,80k+,35257.59005
<20,Male,HighSchool,<20k,5941.754502
50+,Female,PostGraduate,80k+,43902.28108
30-40,Female,PostGraduate,<20k,21576.11887
<20,Female,PostGraduate,<20k,19468.69289
40-50,Male,PostGraduate,80k+,45143.64236
40-50,Male,HighSchool,60k-80k,33339.77556
50+,Female,HighSchool,60k-80k,36355.34267
40-50,Male,HighSchool,20k-40k,26003.76876
20-30,Male,PostGraduate,80k+,31777.80126
20-30,Male,PostGraduate,60k-80k,32568.42779
20-30,Female,PhD,20k-40k,22515.33285
40-50,Male,PhD,60k-80k,44906.7942
<20,Female,PostGraduate,60k-80k,37575.28584
20-30,Female,PhD,<20k,22889.43361
50+,Male,PostGraduate,20k-40k,29686.63105
30-40,Male,UnderGraduate,<20k,4990.290941
20-30,Male,PhD,40k-60k,17599.74501
50+,Male,UnderGraduate,40k-60k,17460.09108
50+,Male,UnderGraduate,<20k,18951.79395
50+,Male,HighSchool,80k+,35588.71209
20-30,Female,UnderGraduate,40k-60k,4944.724707
<20,Female,PhD,80k+,37232.88981
30-40,Male,PostGraduate,20k-40k,21441.92503
20-30,Male,PhD,40k-60k,20770.13272
20-30,Male,UnderGraduate,60k-80k,13271.38862
20-30,Male,UnderGraduate,40k-60k,3755.601903
40-50,Female,PostGraduate,40k-60k,34184.39519
50+,Female,PostGraduate,40k-60k,35824.16912
50+,Male,UnderGraduate,80k+,35258.03396
40-50,Male,PostGraduate,60k-80k,37448.37244
<20,Female,UnderGraduate,60k-80k,22572.23874
30-40,Male,HighSchool,80k+,18692.88621
40-50,Male,PostGraduate,<20k,29923.25927
50+,Female,UnderGraduate,80k+,39062.0747
40-50,Female,UnderGraduate,20k-40k,17812.44698
40-50,Female,PostGraduate,40k-60k,32403.23674
30-40,Male,PostGraduate,60k-80k,25261.48954
30-40,Female,UnderGraduate,<20k,4659.595409
40-50,Female,HighSchool,40k-60k,21823.38764
30-40,Female,UnderGraduate,40k-60k,4301.133041
<20,Male,UnderGraduate,<20k,5467.589134
50+,Male,PhD,80k+,51346.66774
<20,Male,HighSchool,40k-60k,4547.660425
20-30,Male,PostGraduate,<20k,15377.11004
20-30,Male,PhD,20k-40k,18556.20477
<20,Male,HighSchool,<20k,3482.129794
<20,Male,HighSchool,<20k,4901.710456
30-40,Male,PhD,60k-80k,30715.51629
40-50,Male,PostGraduate,<20k,30675.62951
<20,Female,PostGraduate,40k-60k,19764.61014
30-40,Female,UnderGraduate,60k-80k,23649.45219
40-50,Female,UnderGraduate,60k-80k,32825.93092
<20,Male,UnderGraduate,20k-40k,6015.928243
40-50,Male,PhD,20k-40k,34647.49554
<20,Female,PostGraduate,<20k,20813.96409
30-40,Male,PostGraduate,60k-80k,31314.22681
20-30,Female,UnderGraduate,60k-80k,20056.77515
40-50,Male,PhD,20k-40k,34456.60952
40-50,Female,UnderGraduate,40k-60k,19320.00832
30-40,Male,HighSchool,80k+,15444.00175
50+,Male,PhD,40k-60k,37082.40678
40-50,Female,UnderGraduate,<20k,16258.63062
30-40,Male,PhD,<20k,13836.9626
<20,Female,PhD,40k-60k,21052.14645
30-40,Male,PostGraduate,80k+,31651.21015
20-30,Male,PhD,80k+,31788.57152
50+,Female,PostGraduate,<20k,41121.44148
40-50,Male,UnderGraduate,<20k,19298.72825
20-30,Male,PostGraduate,60k-80k,41984.17747
50+,Female,PhD,60k-80k,38639.0825
50+,Female,HighSchool,40k-60k,19774.13904
50+,Male,HighSchool,60k-80k,31369.11705
20-30,Male,PhD,60k-80k,37707.88662
50+,Male,PostGraduate,80k+,50722.57802
50+,Male,HighSchool,80k+,27136.5538
50+,Female,PhD,20k-40k,30412.00009
30-40,Female,PhD,<20k,13995.30591
30-40,Male,HighSchool,40k-60k,3386.486966
20-30,Female,UnderGraduate,<20k,5660.610936
20-30,Female,UnderGraduate,80k+,22628.99866
40-50,Male,HighSchool,40k-60k,21288.60659
30-40,Male,PostGraduate,20k-40k,15981.47506
40-50,Male,PostGraduate,40k-60k,34378.24273
40-50,Female,HighSchool,80k+,26837.42122
<20,Female,HighSchool,80k+,18694.02722
20-30,Female,UnderGraduate,20k-40k,2925.782003
<20,Male,UnderGraduate,<20k,6924.973928
40-50,Female,UnderGraduate,60k-80k,31909.32896
40-50,Male,UnderGraduate,20k-40k,21923.67176
50+,Female,HighSchool,40k-60k,21868.03719
<20,Female,UnderGraduate,20k-40k,3152.197626
50+,Female,HighSchool,80k+,29691.14569
<20,Female,PhD,80k+,27075.58054
40-50,Female,PhD,<20k,39844.99042
20-30,Female,HighSchool,<20k,5582.698428
40-50,Male,UnderGraduate,20k-40k,21669.77646
<20,Female,PhD,<20k,16052.86933
<20,Male,HighSchool,60k-80k,20226.99366
40-50,Male,UnderGraduate,<20k,22048.4523
30-40,Female,HighSchool,60k-80k,20640.39014
50+,Female,HighSchool,20k-40k,17979.64194
40-50,Male,UnderGraduate,80k+,29658.53426
40-50,Female,UnderGraduate,40k-60k,23785.28031
20-30,Female,UnderGraduate,20k-40k,5727.322794
40-50,Male,UnderGraduate,60k-80k,35664.9182
<20,Female,UnderGraduate,<20k,5753.796273
50+,Female,PhD,80k+,42587.49782
20-30,Male,PostGraduate,40k-60k,16803.3892
50+,Female,UnderGraduate,20k-40k,18754.13998
20-30,Female,PostGraduate,40k-60k,23638.16581
30-40,Male,PostGraduate,20k-40k,16238.58019
50+,Male,HighSchool,20k-40k,18563.95995
40-50,Male,PhD,20k-40k,36767.09625
20-30,Male,UnderGraduate,40k-60k,4704.077967
50+,Male,PhD,20k-40k,34088.13761
50+,Male,PostGraduate,<20k,33410.26397
30-40,Male,HighSchool,<20k,3995.601948
<20,Female,UnderGraduate,20k-40k,3716.408242
30-40,Male,UnderGraduate,60k-80k,20564.6433
40-50,Male,PhD,<20k,33624.14379
20-30,Female,HighSchool,80k+,17467.01188
50+,Male,PostGraduate,20k-40k,36851.26204
20-30,Female,PostGraduate,40k-60k,22639.22086
<20,Female,UnderGraduate,40k-60k,5399.818105
50+,Male,UnderGraduate,20k-40k,17049.59616
40-50,Male,HighSchool,40k-60k,23193.29111
30-40,Female,HighSchool,20k-40k,5560.758279
50+,Male,PostGraduate,60k-80k,52818.70278
40-50,Male,PostGraduate,20k-40k,33094.30651
50+,Female,UnderGraduate,60k-80k,33674.40671
30-40,Male,UnderGraduate,20k-40k,6061.046714
50+,Female,PostGraduate,40k-60k,35232.30435
30-40,Female,HighSchool,80k+,15279.70354
<20,Male,PhD,40k-60k,24306.80182
20-30,Male,PhD,60k-80k,25848.97971
30-40,Male,PostGraduate,80k+,34207.77447
20-30,Female,UnderGraduate,<20k,5638.034831
20-30,Female,HighSchool,80k+,22785.66167
<20,Male,UnderGraduate,20k-40k,4671.116241
20-30,Female,PostGraduate,80k+,40515.6121
30-40,Male,HighSchool,20k-40k,3355.675902
50+,Female,PhD,40k-60k,29037.2006
40-50,Female,HighSchool,60k-80k,35193.15064
<20,Male,UnderGraduate,20k-40k,4691.562196
40-50,Male,PostGraduate,60k-80k,47860.72823
<20,Female,PostGraduate,20k-40k,23015.22398
20-30,Male,PostGraduate,20k-40k,24206.59806
30-40,Male,UnderGraduate,80k+,17586.68642
50+,Male,PhD,80k+,50506.76835
20-30,Male,UnderGraduate,<20k,4473.389807
30-40,Female,PostGraduate,20k-40k,19664.01951
40-50,Female,PhD,60k-80k,45528.45744
40-50,Male,UnderGraduate,40k-60k,17816.93113
30-40,Male,PostGraduate,20k-40k,16110.72774
20-30,Female,UnderGraduate,80k+,16772.03555
<20,Male,HighSchool,60k-80k,20144.06121
40-50,Female,PostGraduate,60k-80k,48771.61064
<20,Male,UnderGraduate,<20k,4356.932946
20-30,Male,PhD,40k-60k,19918.76692
50+,Male,PostGraduate,60k-80k,50220.7346
40-50,Male,PostGraduate,80k+,53205.1013
30-40,Female,UnderGraduate,20k-40k,5470.159273
20-30,Female,PostGraduate,60k-80k,34616.76799
30-40,Female,UnderGraduate,80k+,25573.96813
20-30,Male,HighSchool,40k-60k,5491.119336
<20,Female,UnderGraduate,40k-60k,5372.992475
50+,Male,PhD,<20k,42010.13815
<20,Male,PostGraduate,80k+,35448.64331
20-30,Female,HighSchool,40k-60k,5526.804122
20-30,Female,UnderGraduate,80k+,23185.40486
<20,Female,PostGraduate,40k-60k,23529.95388
30-40,Male,UnderGraduate,<20k,5268.083215
<20,Female,PhD,40k-60k,19545.96646
50+,Female,UnderGraduate,60k-80k,34874.13944
20-30,Male,UnderGraduate,80k+,24371.71234
40-50,Female,PhD,<20k,35333.49451
50+,Male,PostGraduate,40k-60k,34889.92159
40-50,Female,PostGraduate,20k-40k,25085.03485
30-40,Female,PhD,20k-40k,23481.05104
50+,Female,HighSchool,40k-60k,21338.92927
<20,Female,UnderGraduate,40k-60k,5074.712261
50+,Male,UnderGraduate,60k-80k,31171.06745
50+,Male,HighSchool,80k+,32516.17258
50+,Male,UnderGraduate,60k-80k,31554.92357
50+,Female,PostGraduate,<20k,31430.92853
30-40,Female,UnderGraduate,40k-60k,6212.816666
30-40,Male,PostGraduate,<20k,19233.57707
30-40,Male,HighSchool,20k-40k,5287.389051
30-40,Female,HighSchool,40k-60k,4852.543038
30-40,Male,PhD,60k-80k,32032.39098
<20,Male,PostGraduate,60k-80k,32811.52342
30-40,Male,PostGraduate,20k-40k,14821.02724
30-40,Male,PhD,60k-80k,31280.53503
20-30,Male,PhD,80k+,29662.01028
20-30,Male,PhD,80k+,28105.1545
50+,Female,PhD,20k-40k,29168.51352
20-30,Female,PhD,<20k,19731.08926
50+,Male,PhD,<20k,38144.02502
20-30,Female,UnderGraduate,80k+,15265.64039
50+,Male,UnderGraduate,60k-80k,35943.18115
<20,Female,HighSchool,40k-60k,4876.305451
30-40,Female,PhD,40k-60k,16613.89635
30-40,Female,HighSchool,<20k,5083.69984
<20,Female,UnderGraduate,60k-80k,19549.28527
20-30,Male,PhD,80k+,32908.46906
30-40,Female,PhD,40k-60k,22472.75027
20-30,Male,PhD,80k+,42263.80216
40-50,Female,PhD,80k+,47418.08243
<20,Male,PostGraduate,40k-60k,17778.46511
<20,Female,PhD,40k-60k,23329.74722
30-40,Female,PostGraduate,60k-80k,33088.33121
<20,Male,HighSchool,80k+,17827.53515
20-30,Male,HighSchool,<20k,4472.640699
<20,Female,UnderGraduate,20k-40k,3887.843892
50+,Male,HighSchool,20k-40k,21415.2609
20-30,Male,UnderGraduate,80k+,24218.96988
40-50,Female,PostGraduate,60k-80k,49974.86354
<20,Female,PostGraduate,40k-60k,19595.56398
20-30,Female,HighSchool,40k-60k,3738.205124
50+,Male,PhD,<20k,36283.83776
50+,Male,PhD,<20k,33577.87769
20-30,Male,UnderGraduate,80k+,20964.69988
20-30,Male,HighSchool,<20k,3240.605548
30-40,Female,UnderGraduate,<20k,3315.068452
50+,Female,PostGraduate,20k-40k,35859.80201
50+,Female,UnderGraduate,40k-60k,19881.1018
<20,Female,PostGraduate,<20k,16401.34784
30-40,Female,PostGraduate,<20k,19837.80643
20-30,Male,PhD,40k-60k,25031.26981
20-30,Female,PhD,80k+,31399.63638
30-40,Male,PhD,20k-40k,23218.65517
40-50,Male,UnderGraduate,40k-60k,23697.8482
30-40,Female,UnderGraduate,<20k,5173.235412
20-30,Male,UnderGraduate,60k-80k,17545.98466
30-40,Male,HighSchool,80k+,16562.04917
50+,Female,UnderGraduate,20k-40k,24691.79468
20-30,Male,PostGraduate,<20k,23224.12903
40-50,Male,UnderGraduate,60k-80k,29241.94272
40-50,Male,PhD,80k+,43508.69314
30-40,Female,PhD,<20k,18867.05732
<20,Female,PhD,<20k,23025.56854
50+,Male,PhD,40k-60k,32664.74623
50+,Female,HighSchool,60k-80k,31915.36645
<20,Male,UnderGraduate,60k-80k,14926.45746
50+,Female,PhD,40k-60k,34643.67601
20-30,Male,HighSchool,<20k,4467.891777
40-50,Female,PhD,80k+,48746.31233
40-50,Male,HighSchool,<20k,23148.95664
<20,Female,UnderGraduate,80k+,23201.06713
30-40,Male,PostGraduate,40k-60k,19742.12471
20-30,Male,HighSchool,60k-80k,15534.03885
50+,Male,PostGraduate,20k-40k,32823.81051
20-30,Male,UnderGraduate,80k+,22640.61908
50+,Male,UnderGraduate,80k+,29271.15816
30-40,Male,HighSchool,40k-60k,5177.971289
50+,Female,UnderGraduate,40k-60k,14695.01503
<20,Male,PostGraduate,60k-80k,41001.29923
20-30,Male,PostGraduate,20k-40k,21377.51143
50+,Female,PhD,80k+,53861.04802
40-50,Female,PostGraduate,60k-80k,49961.09202
40-50,Male,HighSchool,40k-60k,22205.99853
50+,Male,UnderGraduate,<20k,23416.3876
30-40,Male,PhD,60k-80k,35446.34256
20-30,Male,PhD,20k-40k,17360.49105
40-50,Male,PhD,40k-60k,27030.13427
<20,Female,HighSchool,<20k,4444.922331
50+,Male,HighSchool,80k+,34652.382
<20,Female,PostGraduate,80k+,30853.56404
30-40,Female,UnderGraduate,80k+,16203.33843
<20,Male,HighSchool,40k-60k,4899.286807
20-30,Female,UnderGraduate,60k-80k,16938.72976
40-50,Female,UnderGraduate,60k-80k,36772.36044
20-30,Male,PostGraduate,20k-40k,21905.28055
30-40,Male,HighSchool,<20k,5248.990005
20-30,Female,PhD,40k-60k,18430.10493
<20,Female,HighSchool,40k-60k,5664.405325
<20,Female,UnderGraduate,20k-40k,4923.386989
50+,Female,HighSchool,80k+,24783.64876
20-30,Male,HighSchool,60k-80k,17113.92139
40-50,Male,HighSchool,<20k,16394.4302
20-30,Male,PhD,<20k,16772.79443
30-40,Male,HighSchool,20k-40k,4557.089835
40-50,Female,PostGraduate,80k+,44348.2598
<20,Female,PhD,20k-40k,16214.67471
50+,Male,PostGraduate,80k+,49485.28336
20-30,Female,PhD,60k-80k,28492.24768
30-40,Female,PostGraduate,60k-80k,28541.37782
40-50,Male,PhD,80k+,52109.19334
20-30,Female,PhD,<20k,20689.48711
<20,Female,HighSchool,60k-80k,21109.85753
20-30,Female,PhD,60k-80k,41683.4774
30-40,Female,PhD,80k+,27530.14292
20-30,Male,HighSchool,60k-80k,17272.07915
40-50,Female,UnderGraduate,40k-60k,23695.74895
50+,Female,PostGraduate,<20k,27004.70733
<20,Female,UnderGraduate,40k-60k,5633.292063
20-30,Male,UnderGraduate,60k-80k,16954.74739
20-30,Female,PostGraduate,60k-80k,33186.27911
40-50,Male,PostGraduate,40k-60k,34075.463
40-50,Female,PostGraduate,<20k,30463.75984
50+,Male,HighSchool,20k-40k,14680.95137
20-30,Male,HighSchool,20k-40k,6603.777729
20-30,Male,UnderGraduate,80k+,17404.24766
50+,Male,HighSchool,80k+,36685.3942
40-50,Male,HighSchool,<20k,17832.53047
40-50,Male,UnderGraduate,<20k,24116.42175
40-50,Male,PostGraduate,<20k,29434.53019
40-50,Male,HighSchool,80k+,33941.98412
40-50,Male,PostGraduate,20k-40k,37858.93682
50+,Male,UnderGraduate,60k-80k,33909.35512
40-50,Male,PostGraduate,60k-80k,55013.69125
40-50,Male,PostGraduate,<20k,36507.76935
20-30,Female,HighSchool,60k-80k,22081.83911
20-30,Male,UnderGraduate,20k-40k,6789.728896
40-50,Female,HighSchool,40k-60k,15031.84907
30-40,Male,PhD,40k-60k,16377.43294
50+,Male,PhD,20k-40k,31289.67485
50+,Male,PhD,40k-60k,30996.73437
<20,Male,HighSchool,60k-80k,20854.41268
50+,Male,UnderGraduate,<20k,17268.98921
50+,Female,PostGraduate,20k-40k,33335.71347
<20,Female,HighSchool,20k-40k,4248.757447
<20,Female,PostGraduate,40k-60k,21140.56121
50+,Male,PostGraduate,80k+,53541.93864
20-30,Female,HighSchool,60k-80k,16115.52573
20-30,Female,UnderGraduate,80k+,22255.1859
50+,Male,PostGraduate,60k-80k,48183.14325
30-40,Male,UnderGraduate,20k-40k,6529.329161
50+,Female,PostGraduate,80k+,48603.70914
30-40,Female,PhD,40k-60k,19296.37534
50+,Male,PostGraduate,<20k,30905.44877
20-30,Male,PhD,20k-40k,19275.70185
20-30,Female,PostGraduate,<20k,20123.94982
40-50,Female,PostGraduate,80k+,44438.68196
30-40,Male,PhD,<20k,16007.35332
30-40,Male,UnderGraduate,80k+,17514.48769
20-30,Male,PhD,80k+,28521.62678
50+,Male,PhD,60k-80k,52060.16136
<20,Male,UnderGraduate,40k-60k,4485.112403
40-50,Male,PhD,40k-60k,35276.8387
30-40,Female,HighSchool,60k-80k,24151.59388
20-30,Male,UnderGraduate,80k+,22957.22212
50+,Female,HighSchool,40k-60k,18267.0813
20-30,Male,PostGraduate,<20k,13536.23876
40-50,Male,HighSchool,20k-40k,20142.30003
30-40,Male,HighSchool,60k-80k,15519.01507
20-30,Female,PostGraduate,80k+,33205.37747
30-40,Male,PhD,60k-80k,41330.60806
30-40,Male,UnderGraduate,<20k,4756.550348
<20,Female,PostGraduate,40k-60k,20357.12668
50+,Male,HighSchool,60k-80k,37574.60772
50+,Male,HighSchool,20k-40k,24580.77896
40-50,Male,PhD,60k-80k,41010.06819
<20,Female,UnderGraduate,40k-60k,4564.937706
20-30,Male,UnderGraduate,40k-60k,4968.473167
30-40,Female,PostGraduate,<20k,25509.1569
30-40,Female,HighSchool,<20k,4712.867045
<20,Female,PhD,60k-80k,31552.9814
20-30,Female,PhD,40k-60k,19257.96982
<20,Female,PostGraduate,80k+,38556.67116
<20,Male,HighSchool,80k+,17891.61596
40-50,Female,UnderGraduate,40k-60k,17099.5058
30-40,Female,UnderGraduate,<20k,5564.012098
<20,Female,UnderGraduate,20k-40k,7428.745736
30-40,Male,PhD,60k-80k,34698.89461
20-30,Male,PostGraduate,<20k,16830.63201
40-50,Female,UnderGraduate,60k-80k,30712.33911
20-30,Male,UnderGraduate,80k+,22883.09623
50+,Male,PhD,40k-60k,29654.54401
<20,Female,PhD,<20k,16008.12236
40-50,Female,HighSchool,20k-40k,20914.2668
<20,Male,PhD,80k+,30626.66286
30-40,Male,PhD,40k-60k,22587.2552
<20,Male,HighSchool,80k+,22220.93757
<20,Female,HighSchool,<20k,4680.356666
40-50,Male,PhD,60k-80k,51825.03488
40-50,Male,HighSchool,40k-60k,13756.99337
30-40,Female,UnderGraduate,60k-80k,24167.19813
20-30,Male,PostGraduate,40k-60k,19495.93725
40-50,Female,UnderGraduate,40k-60k,21472.8081
50+,Female,UnderGraduate,20k-40k,20376.3681
50+,Female,HighSchool,80k+,39220.5713
30-40,Male,UnderGraduate,20k-40k,5311.88128
50+,Female,PhD,<20k,34057.39133
<20,Female,UnderGraduate,40k-60k,7017.821002
50+,Male,PostGraduate,20k-40k,36073.69278
20-30,Female,HighSchool,80k+,20941.36049
30-40,Male,PostGraduate,<20k,15732.93964
20-30,Female,PhD,20k-40k,23296.05695
<20,Female,PostGraduate,60k-80k,35401.15231
20-30,Male,PhD,<20k,21853.29981
<20,Male,UnderGraduate,60k-80k,21680.22458
<20,Female,UnderGraduate,60k-80k,16518.00734
<20,Male,PostGraduate,40k-60k,13680.27876
40-50,Male,PhD,80k+,44808.78439
30-40,Male,PhD,60k-80k,33874.16369
<20,Female,PostGraduate,60k-80k,29967.15528
<20,Male,HighSchool,60k-80k,23211.36732
<20,Female,HighSchool,80k+,15214.5945
20-30,Female,PostGraduate,20k-40k,16677.00796
40-50,Female,PostGraduate,40k-60k,32754.23794
50+,Female,PostGraduate,20k-40k,41051.03095
30-40,Female,PhD,40k-60k,14085.18325
30-40,Female,PostGraduate,20k-40k,18993.40222
<20,Male,PostGraduate,<20k,20959.17684
<20,Male,UnderGraduate,20k-40k,5876.931171
40-50,Female,UnderGraduate,40k-60k,21363.87437
<20,Male,HighSchool,<20k,6101.122742
30-40,Female,UnderGraduate,<20k,6448.98334
40-50,Female,PhD,40k-60k,32495.72995
50+,Male,PostGraduate,<20k,32162.06459
50+,Female,PostGraduate,80k+,53788.77509
<20,Female,PostGraduate,60k-80k,35866.06869
20-30,Female,UnderGraduate,80k+,16922.9378
<20,Female,UnderGraduate,60k-80k,17353.2199
30-40,Female,HighSchool,20k-40k,5989.017493
<20,Male,HighSchool,60k-80k,16829.43312
20-30,Male,PostGraduate,40k-60k,18075.274
50+,Male,HighSchool,20k-40k,14348.28721
20-30,Male,PostGraduate,80k+,34400.53014
40-50,Male,HighSchool,60k-80k,39861.37139
40-50,Male,UnderGraduate,40k-60k,15884.82483
<20,Male,HighSchool,80k+,16358.34631
40-50,Female,HighSchool,20k-40k,17635.93856
<20,Male,HighSchool,80k+,16206.79673
<20,Female,PostGraduate,40k-60k,19204.16465
30-40,Male,PhD,60k-80k,28699.71416
40-50,Male,UnderGraduate,60k-80k,40151.71164
50+,Female,PhD,80k+,53186.01158
40-50,Male,PhD,40k-60k,36984.90664
50+,Male,PostGraduate,<20k,33728.20768
<20,Male,HighSchool,40k-60k,5086.800859
<20,Female,PhD,80k+,26639.56427
50+,Male,PhD,20k-40k,32944.20853
<20,Female,UnderGraduate,80k+,16342.63872
40-50,Female,HighSchool,80k+,41688.77065
30-40,Female,PhD,<20k,16385.50634
<20,Male,PhD,<20k,20174.64669
40-50,Male,HighSchool,20k-40k,20988.12769
50+,Female,PostGraduate,<20k,29975.65758
30-40,Male,PhD,40k-60k,14804.14657
20-30,Female,PhD,<20k,23843.45563
50+,Female,HighSchool,80k+,30104.22993
20-30,Male,PostGraduate,60k-80k,33452.69934
40-50,Female,PhD,80k+,44641.55261
50+,Female,HighSchool,20k-40k,15574.83732
30-40,Female,PostGraduate,80k+,36885.37708
30-40,Female,PostGraduate,40k-60k,23970.29179
40-50,Male,UnderGraduate,<20k,15528.22725
20-30,Female,PostGraduate,40k-60k,21079.5829
<20,Female,UnderGraduate,60k-80k,23806.26392
50+,Male,UnderGraduate,40k-60k,17781.73787
20-30,Male,HighSchool,60k-80k,21024.43158
30-40,Male,UnderGraduate,80k+,17778.73202
50+,Male,PhD,40k-60k,35596.7157
40-50,Female,PostGraduate,80k+,44412.94708
50+,Male,PhD,40k-60k,34517.07655
40-50,Male,PhD,80k+,50260.95828
50+,Female,UnderGraduate,80k+,26075.75338
40-50,Male,UnderGraduate,80k+,33438.5919
20-30,Male,HighSchool,20k-40k,6071.428499
<20,Female,PhD,20k-40k,15340.87722
30-40,Female,UnderGraduate,80k+,14136.43712
30-40,Male,PhD,20k-40k,19373.95861
30-40,Male,HighSchool,20k-40k,5074.500878
50+,Male,PhD,80k+,47243.34308
40-50,Female,HighSchool,40k-60k,21257.65353
<20,Female,HighSchool,40k-60k,6277.322031
50+,Female,UnderGraduate,20k-40k,22105.1268
50+,Male,PostGraduate,20k-40k,29279.66627
